<?xml version="1.0" encoding="UTF-8" standalone="no"?>
<oneoff_inventory>
    <opack_version version="14.1.0.1.2"/>
    <patch_id number="25415713"/>
    <minimum_opatch_version>12.2.0.1.14</minimum_opatch_version>
    <unique_patch_id>22867502</unique_patch_id>
    <cannot_autorollback>false</cannot_autorollback>
    <date_of_patch day="13" month="Apr" time="22:24:31 hrs" year="2019" zone="PST8PDT"/>
    <base_bugs>
        <bug description="MMON TRACE FILE GROWS WHEN NO TRACES ARE ENABLED" number="25415713"/>
    </base_bugs>
    <required_components>
        <component internal_name="oracle.rdbms" opt_req="O" version="12.2.0.1.0"/>
    </required_components>
    <os_platforms>
        <platform id="23" name="Sun SPARC Solaris (64-BIT)"/>
    </os_platforms>
    <executables>
        <executable path="%ORACLE_HOME%/bin/oracle"/>
    </executables>
    <instance_shutdown>false</instance_shutdown>
    <instance_shutdown_message/>
    <online_rac_installable>true</online_rac_installable>
    <run_as_root>false</run_as_root>
    <sql_migrate>false</sql_migrate>
    <wls_prereq_oneoffs/>
    <prereq_oneoffs>
        <prereq oneoff_id="29314339"/>
    </prereq_oneoffs>
    <overlay_oneoffs>
        <overlay oneoff_id="29314339"/>
    </overlay_oneoffs>
    <patch_type value="singleton"/>
    <patch_language value="en"/>
    <product_family value="db"/>
    <patching_model value="one-off"/>
    <auto>false</auto>
    <translatable>false</translatable>
</oneoff_inventory>
