<!-- This file contain patch Metadata -->
<results md5_sum="43e73ead6065819f78e6a273dbb13700">
  <generated_date in_epoch_ms="1555219299000">2019-04-14 05:21:39</generated_date>
  <patch has_prereqs="n" has_postreqs="n" is_system_patch="n"> 
    <bug> 
      <number>25415713</number>
      <abstract><![CDATA[MMON TRACE FILE GROWS WHEN NO TRACES ARE ENABLED]]></abstract>
    </bug> 
    <name>25415713</name>
    <type>Patch</type>
    <status>Available</status>
    <access id="m">Open access</access> 
    <url> 
      <patch_readme host="https://updates.oracle.com"><![CDATA[/Orion/Services/download?type=readme&aru=22867502]]></patch_readme> 
      <patch_details><![CDATA[/download/25415713.html]]></patch_details>
    </url> 
    <request_id>22867502</request_id>
    <product id="9480" bugdb_id="5"><![CDATA[Oracle Database Family]]></product> 
    <release id="60000000001852190416213" name="12.2.0.1.190416DBAPR2019RU" platform_patch_not_required="Y" psu="Y" cc="Y"><![CDATA[Oracle Database 12.2.0.1.190416 DBAPR2019RU]]></release> 
    <platform id="23" bugdb_id="23"><![CDATA[Oracle Solaris on SPARC (64-bit)]]></platform> 
    <language id="0" iso_code="EN"><![CDATA[American English]]></language> 
    <translations_available>No</translations_available> 
    <classification id="174">General</classification> 
    <patch_classification id="174">General</patch_classification> 
    <support_level id="G">General Support</support_level> 
    <entitlements> 
      <entitlement code="SW"/> 
    </entitlements> 
    <patch_relationships> 
      <related_patch> 
        <bug> 
          <number>29314339</number>
          <abstract><![CDATA[DATABASE APR 2019 RELEASE UPDATE 12.2.0.1.190416]]></abstract>
        </bug> 
        <relation_types> 
          <relation_type>Prereq</relation_type> 
        </relation_types> 
        <name>29314339</name>
        <type>Patch</type>
        <patch_details><![CDATA[/Orion/Services/search?bug=29314339&release=600000000018520]]></patch_details>
      </related_patch> 
    </patch_relationships> 
    <fixes_bugs truncated="no"> 
      <bug> 
        <number>25415713</number>
        <abstract><![CDATA[MMON TRACE FILE GROWS WHEN NO TRACES ARE ENABLED]]></abstract>
      </bug> 
    </fixes_bugs> 
    <size>754953</size>
    <files> 
      <file> 
        <name>p25415713_12201190416DBAPR2019RU_SOLARIS64.zip</name>
        <size>754953</size>
        <download_url host="https://updates.oracle.com"><![CDATA[/Orion/Services/download/p25415713_12201190416DBAPR2019RU_SOLARIS64.zip?aru=22867502&patch_file=p25415713_12201190416DBAPR2019RU_SOLARIS64.zip]]></download_url> 
        <digest type="SHA-256">532F02117D99326F4F6A9F0EE6EF269E35382AF99A1BADAA76D0CE09EC228860</digest> 
        <digest type="SHA-1">09747067797DBCFDEDC8F4BD6E8C59ABD22DDFDC</digest> 
      </file> 
    </files> 
    <downloads_count>0</downloads_count>
    <updated_date in_epoch_ms="1555219260000">2019-04-14 05:21:00</updated_date> 
    <released_date in_epoch_ms="1554654575000">2019-04-07 16:29:35</released_date> 
  </patch> 
</results>
